계정명,202212,202312,202412,202512
자산(*),589844062,794161941,644172667,590092677
유동자산(*),457048933,587033466,334413850,248355366
재고자산(*),142734887,230990188,223106608,133317705
상품,,,,
(평가손실충당금),,,,
제품,27016799,84264650,135338796,107163519
(평가손실충당금),,,81875234,38939730
완성건물,,,,
(평가손실충당금),,,,
원재료(부재료),83253851,162451573,133653938,50392899
(평가손실충당금),,38189936,,
재공품,8709690,13993311,10150012,3813133
(평가손실충당금),,,,
미완성건물,,,,
(평가손실충당금),,,,
미완성공사,,,,
(평가손실충당금),,,,
용지,,,,
(평가손실충당금),,,,
반제품,,,,
(평가손실충당금),,,,
미착품,23754547,8470590,25839097,10887884
(평가손실충당금),,,,
저장품(소모품),,,,
(평가손실충당금),,,,
반환(반품)재고자산,,,,
(평가손실충당금),,,,
기타재고자산,,,,
(평가손실충당금),,,,
유동생물자산(*),,,,
식물(조림),,,,
(상각누계액),,,,
(손상차손누계액),,,,
(정부보조금등),,,,
축산물,,,,
(상각누계액),,,,
(손상차손누계액),,,,
(정부보조금등),,,,
수산물,,,,
(상각누계액),,,,
(손상차손누계액),,,,
(정부보조금등),,,,
기타생물자산,,,,
(상각누계액),,,,
(손상차손누계액),,,,
(정부보조금등),,,,
유동금융자산(*),20250525,302565196,22281694,9697238
단기금융상품(금융기관예치금),5000000,302132000,22132000,7500000
당기손익-공정가치측정 금융자산,,,,
기타포괄손익-공정가치측정 금융자산,,,,
상각후원가측정 유가증권,,,,
상각후원가측정 금융자산,,,,
당기손익인식금융자산(*),,,,
단기매매금융자산,,,,
당기손익인식(지정)금융자산,,,,
단기매도가능금융자산,,,,
단기만기보유금융자산,,,,
단기대여금,11090000,,,2000000
(대손충당금),90000,,,
*외화단기대여금,,,,
*특수관계자단기대여금,,,,
*주임종단기대여금,,,,
단기파생상품자산(*),4235525,,149694,197238
옵션,,,,
선물,,,,
선도,4235525,,149694,197238
스왑,,,,
기타단기파생상품자산,,,,
기타의유동금융자산(*),15000,433196,,
금융리스채권,,,,
(대손충당금),,,,
단기보증금,15000,433196,,
(대손충당금),,,,
지급(금융)보증계약자산,,,,
(대손충당금),,,,
기타유동금융자산,,,,
(대손충당금),,,,
매출채권및기타유동채권(*),281084109,19081652,6254688,39737870
매출채권,65129367,8097783,4556041,37961427
(대손충당금),33152,,,
*외화매출채권,,,,
*특수관계자매출채권,,,,
공사(분양)미수금(*),,,,
공사미수금,,,,
(대손충당금),,,,
분양미수금,,,,
(대손충당금),,,,
단기미청구공사,,,,
(추정공사손실),,,,
(대손충당금),,,,
미수금(*),214340819,5889523,850368,1218987
미수금,214340819,5889523,850368,1218987
(대손충당금),,,,
*외화미수금,,,,
*특수관계자미수금,,,,
임대미수금,,,,
(대손충당금),,,,
기타의유동채권(*),1647075,5094346,848279,557456
단기대출채권,,,,
(대손충당금),,,,
단기보증금,,,252846,397285
(대손충당금),,,,
미수수익,1647075,5094346,595433,160171
(대손충당금),,,,
*외화미수수익,,,,
미수법인세환급액,,,,
단기임대주택채권,,,,
(국민주택기금차입금),,,,
(임대보증금),,,,
(표준임대보증금),,,,
(전환임대보증금),,,,
기타단기채권,,,,
(대손충당금),,,,
당기법인세자산(선급법인세),,,1840552,357136
계약자산,,,,
(대손충당금),,,,
반품(환불)자산,,,,
배출권,,,,
기타유동자산(*),6734332,5143016,2694968,1501911
선급금,3784656,243215,50000,25901
(대손충당금),,,,
선급비용(*),2949676,4899801,2644968,1476010
선급비용,400792,357867,259765,217285
(대손충당금),,,,
"선급공사비,외주비",,,,
(대손충당금),,,,
선급제세,2548884,4541934,2385203,1258725
기타의유동자산(*),,,,
보증금,,,,
(대손충당금),,,,
기타유동자산,,,,
(대손충당금),,,,
현금및현금성자산(*),6245079,29253415,78235339,63743506
(정부보조금등),,,,
현금,,,,
보통예금,,,,
당좌예금,,,,
외화예금,,,,
외화,,,,
기타예금(요구불예금),,,25235339,41720260
현금성자산(현금등가물),,,,
기타,6245079,29253415,53000000,22023246
(정부보조금등),,,,
매각예정비유동자산및처분자산집단(*),,,,
비유동자산(*),,,,
유형자산,,,,
투자부동산,,,,
영업권,,,,
무형자산,,,,
비유동생물자산,,,,
관계기업등지분관련투자자산,,,,
비유동금융자산,,,,
장기매출채권및기타비유동채권,,,,
기타비유동자산,,,,
유동자산(*),,,,
재고자산,,,,
유동생물자산,,,,
유동금융자산,,,,
매출채권및기타유동채권,,,,
기타유동자산,,,,
현금및현금성자산,,,,
기타,,,,
비유동자산(*),132795129,207128475,309758817,341737311
유형자산(*),114966980,195144032,257639899,256981187
토지,5647894,5647894,20566501,20566501
(손상차손누계액),,,,
(정부보조금등),,,,
설비자산(*),84074770,104221510,202434416,208482080
건물및부속설비,20556623,20435967,42324889,42848389
(감가상각누계액),1252894,2204986,3408558,4431777
(손상차손누계액),,,,
(정부보조금등),787057,938979,886079,861968
구축물,446191,569038,642538,1156894
(감가상각누계액),26202,49457,78490,117626
(손상차손누계액),,,,
(정부보조금등),,49543,47055,44567
기계장치,80030187,111933594,201008453,222650947
(감가상각누계액),12284971,22329645,35121734,50498467
(손상차손누계액),,,,
(정부보조금등),4254959,4572280,3982308,3643388
중장비,,,,
(감가상각누계액),,,,
(손상차손누계액),,,,
(정부보조금등),,,,
시설장치,,,,
(감가상각누계액),,,,
(손상차손누계액),,,,
(정부보조금등),,,,
제설비,,,,
(감가상각누계액),,,,
(손상차손누계액),,,,
(정부보조금등),,,,
차량운반구,16569,43507,43507,43507
(감가상각누계액),16568,7896,16617,25338
(손상차손누계액),,,,
(정부보조금등),,14700,11100,7500
선박,,,,
(감가상각누계액),,,,
(손상차손누계액),,,,
(정부보조금등),,,,
항공기,,,,
(감가상각누계액),,,,
(손상차손누계액),,,,
(정부보조금등),,,,
공구기구비품,2256097,2429303,3572305,3707138
(감가상각누계액),687872,1127437,1679846,2341625
(손상차손누계액),,,,
(정부보조금등),,,,
리스자산,,,,
(감가상각누계액),,,,
(손상차손누계액),,,,
(정부보조금등),,,,
리스개량자산,,,,
(감가상각누계액),,,,
(손상차손누계액),,,,
(정부보조금등),,,,
임차개량자산,168540,227640,227640,227640
(감가상각누계액),88914,122616,153129,180179
(손상차손누계액),,,,
(정부보조금등),,,,
유형탐사평가자산,,,,
(감가상각누계액),,,,
(손상차손누계액),,,,
(정부보조금등),,,,
기타의유형자산(*),977787,822359,824287,592486
임대주택관련자산(*),,,,
임대주택용지,,,,
미완성임대주택,,,,
임대주택토지,,,,
완성임대주택,,,,
(감가상각누계액),,,,
임대주택,,,,
(임대자산조정),,,,
(감가상각누계액),,,,
임대(주택)자산,,,,
(감가상각누계액),,,,
(손상차손누계액),,,,
(정부보조금등),,,,
기타임대주택자산,,,,
미착자산,,,,
(감가상각누계액),,,,
(손상차손누계액),,,,
(정부보조금등),,,,
기타유형자산,1618186,1713186,2070702,2295223
(감가상각누계액),424132,748370,1065050,1459364
(손상차손누계액),,,,
(정부보조금등),216267,142457,181365,243373
건설중인자산,24266528,84452269,33814696,27340121
(손상차손누계액),,,,
(정부보조금등),,,,
무형자산(*),867874,730564,1111518,4963388
영업권,,,,
(손상차손누계액),,,,
(정부보조금등),,,,
개발비,,,,4136464
(상각누계액),,,,
(손상차손누계액),,,,
(정부보조금등),,,,
산업재산권(*),8617,16534,19450,50067
특허권,,,,
(상각누계액),,,,
(손상차손누계액),,,,
(정부보조금등),,,,
기타산업재산권,8617,16534,19450,50067
(상각누계액),,,,
(손상차손누계액),,,,
(정부보조금등),,,,
회원권및제이용권(*),,,,
회원권,,,,
(상각누계액),,,,
(손상차손누계액),,,,
(정부보조금등),,,,
제이용권(사용권),,,,
(상각누계액),,,,
(손상차손누계액),,,,
(정부보조금등),,,,
기타의무형자산(*),859257,714030,1092068,776857
컴퓨터소프트웨어,859257,714030,1092068,776857
(상각누계액),,,,
(손상차손누계액),,,,
(정부보조금등),,,,
브랜드,,,,
(상각누계액),,,,
(손상차손누계액),,,,
(정부보조금등),,,,
라이선스와프랜차이즈,,,,
(상각누계액),,,,
(손상차손누계액),,,,
(정부보조금등),,,,
저작권,,,,
(상각누계액),,,,
(손상차손누계액),,,,
(정부보조금등),,,,
무형탐사평가자산,,,,
(상각누계액),,,,
(손상차손누계액),,,,
(정부보조금등),,,,
제호와출판표제,,,,
(상각누계액),,,,
(손상차손누계액),,,,
(정부보조금등),,,,
"조리법,공식,모형,설계및시제품",,,,
(상각누계액),,,,
(손상차손누계액),,,,
(정부보조금등),,,,
배출권자산,,,,
(상각누계액),,,,
(손상차손누계액),,,,
(정부보조금 등),,,,
기타무형자산,,,,
(상각누계액),,,,
(손상차손누계액),,,,
(정부보조금등),,,,
개발중인무형자산,,,,
(손상차손누계액),,,,
(정부보조금등),,,,
비유동생물자산(*),,,,
식물(조림),,,,
(상각누계액),,,,
(손상차손누계액),,,,
(정부보조금등),,,,
축산물,,,,
(상각누계액),,,,
(손상차손누계액),,,,
(정부보조금등),,,,
수산물,,,,
(상각누계액),,,,
(손상차손누계액),,,,
(정부보조금등),,,,
기타생물자산,,,,
(상각누계액),,,,
(손상차손누계액),,,,
(정부보조금등),,,,
투자부동산(*),,,,
토지,,,,
(손상차손누계액),,,,
(정부보조금등),,,,
건물,,,,
(감가상각누계액),,,,
(손상차손누계액),,,,
(정부보조금등),,,,
기타투자부동산,,,,
(감가상각누계액),,,,
(손상차손누계액),,,,
(정부보조금등),,,,
장기금융자산(*),15329552,328326,440000,19287250
장기금융상품(금융기관예치금),,,,
(정부보조금등),,,,
당기손익-공정가치측정 금융자산,14736000,,440000,907438
기타포괄손익-공정가치측정 금융자산,,,,
상각후원가측정 유가증권,,,,
상각후원가측정 금융자산,,,,
매도가능금융자산(*),,,,
주식,,,,
채권,,,,
출자금,,,,
특수관계자유가증권,,,,
외화증권,,,,
수익증권,,,,
기타장기매도가능금융자산,,,,
만기보유금융자산(*),,,,
국공채,,,,
특수채,,,,
회사채,,,,
후순위채,,,,
기타장기만기보유금융자산,,,,
장기대여금,60000,,,18379812
(대손충당금),,,,
(현재가치할인차금),,,,
*특수관계자장기대여금,,,,
*주임종장기대여금,,,,
장기파생상품자산(*),,,,
옵션,,,,
선물,,,,
선도,,,,
스왑,,,,
기타장기파생상품,,,,
기타비유동금융자산(*),533552,328326,,
장기당기손익인식금융자산,,,,
보증금,593552,328326,,
(대손충당금),60000,,,
(현재가치할인차금),,,,
신주인수권,,,,
지급(금융)보증계약자산,,,,
(대손충당금),,,,
(현재가치할인차금),,,,
기타,,,,
(대손충당금),,,,
(현재가치할인차금),,,,
관계기업등지분관련투자자산(*),,725000,17215142,4696716
종속기업투자,,,,
관계기업투자(지분법적용투자),,,17215142,4696716
조인트벤처투자(공동기업투자),,,,
기타,,725000,,
장기매출채권및기타비유동채권(*),,,469504,324356
장기매출채권,,,,
(대손충당금),,,,
(현재가치할인차금),,,,
*특수관계자장기매출채권,,,,
장기공사(분양)미수금(*),,,,
장기공사미수금,,,,
(대손충당금),,,,
(현재가치할인차금),,,,
장기분양미수금,,,,
(대손충당금),,,,
(현재가치할인차금),,,,
장기미청구공사,,,,
(추정공사손실),,,,
(대손충당금),,,,
(현재가치할인차금),,,,
장기미수금(*),,,,
장기미수금,,,,
(대손충당금),,,,
(현재가치할인차금),,,,
*특수관계자장기미수금,,,,
장기임대미수금,,,,
(대손충당금),,,,
(현재가치할인차금),,,,
기타의비유동채권(*),,,469504,324356
장기대출채권,,,,
(대손충당금),,,,
(현재가치할인차금),,,,
장기보증금,,,469504,324356
(대손충당금),,,,
(현재가치할인차금),,,,
장기미수수익,,,,
(대손충당금),,,,
(현재가치할인차금),,,,
장기임대주택채권,,,,
(국민주택기금차입금),,,,
(임대보증금),,,,
(표준임대보증금),,,,
(전환임대보증금),,,,
기타장기채권,,,,
(대손충당금),,,,
(현재가치할인차금),,,,
이연법인세자산,,8916828,31511158,54845288
장기당기법인세자산,,,,
계약자산,,,,
(대손충당금),,,,
반품(환불)자산,,,,
배출권,,,,
기타비유동자산(*),1630723,1283725,1371596,639126
장기선급금,,,,
(대손충당금),,,,
(현재가치할인차금),,,,
장기선급비용,,,378110,281484
(대손충당금),,,,
(현재가치할인차금),,,,
기타의비유동자산(*),1630723,1283725,993486,357642
확정급여자산등,241293,,,
리스(사용권)자산(*),1389430,1283725,993486,357642
금융리스자산,,,,
(정부보조금등),,,,
(감가상각누계액),,,,
(손상차손누계액),,,,
운용리스자산,,,,
(정부보조금등),,,,
(감가상각누계액),,,,
(손상차손누계액),,,,
기타리스(사용권)자산,1960337,2173248,2139054,1236488
(정부보조금등),,,,
(감가상각누계액),570907,889523,1145568,878846
(손상차손누계액),,,,
리스채권(*),,,,
금융리스채권,,,,
(대손충당금),,,,
(현재가치할인차금),,,,
해지불능리스채권,,,,
(대손충당금),,,,
(현재가치할인차금),,,,
기타리스채권,,,,
(대손충당금),,,,
(현재가치할인차금),,,,
장기보증금,,,,
(대손충당금),,,,
(현재가치할인차금),,,,
기타,,,,
(대손충당금),,,,
(현재가치할인차금),,,,
기타금융업자산,,,,
부채(*),171238790,107142946,75779788,77704172
유동부채(*),126979269,89431479,60279932,69955611
단기사채,,,,
장기미지급이자,,,,
사채상환할증금,,,,
사채할증발행차금,,,,
(사채할인발행차금),,,,
(사채조정계정),,,,
단기차입금(*),38747183,36117500,31225000,52274701
*외화단기차입금,,,14700000,12914100
*특수관계자단기차입금,,,,
*주임종단기차입금,,,,
당좌차월,,,,
단기차입금,38747183,36117500,31225000,52274701
기타단기차입금,,,,
유동성장기부채(*),36577340,3471360,2471360,1142800
(현재가치할인차금),,,,
유동성사채,,,,
장기미지급이자,,,,
사채상환할증금,,,,
사채할증발행차금,,,,
(사채할인발행차금),,,,
(사채조정계정),,,,
유동성장기차입금,36577340,3471360,2471360,1142800
유동성외화장기차입금,,,,
유동성유동화채무,,,,
유동성연불매입채무,,,,
유동성(금융)리스부채(미지급금 등),,,,
기타유동성장기부채,,,,
(현재가치할인차금),,,,
유동금융부채(*),266419,703948,345489,622337
(현재가치할인차금),,,,
당기손익-공정가치측정 금융부채,,,,
상각후원가측정 금융부채,,,,
당기손익인식금융부채(*),,,,
단기매매금융부채,,,,
당기손익인식(지정)금융부채,,,,
단기상환우선주부채,,,,
단기유동화채무,,,,
(금융)리스부채,266419,345333,345488,187618
단기파생상품부채(*),,358615,,434719
옵션,,,,
선물,,,,
선도,,358615,,
스왑,,,,434719
"신주인수권,전환권",,,,
기타단기파생상품부채,,,,
지급(금융)보증계약부채,,,,
비지배지분부채,,,,
기타의유동금융부채(*),,,,
보증금,,,,
정부보조금,,,,
기타유동금융부채,,,,
(현재가치할인차금),,,,
매입채무및기타유동채무(*),25670424,44219943,26238084,15913220
매입채무,14838944,15229826,11800149,6582058
*외화매입채무,,,,
*특수관계자매입채무,,,,
미지급금(*),6269666,23276055,11457913,7232945
*외화미지급금,,,,
*특수관계자미지급금,,,,
미지급금,6269666,23276055,11457913,7232945
공사미지급금,,,,
기타미지급금,,,,
초과청구공사,,,,
(추정공사손실),,,,
기타의유동채무(*),4561814,5714062,2980022,2098217
보증금(*),,,,
수입보증금,,,,
임대보증금,,,,
기타보증금,,,,
미지급비용(*),4215897,5433153,2978998,2015443
미지급비용,4215897,5433153,2978998,2015443
미지급제세,,,,
미지급배당금,,,,
기타미지급비용,,,,
예수금(*),345917,280909,1024,82774
예수금,345917,280909,1024,82774
부가세예수금,,,,
예수보증금,,,,
기타예수금,,,,
단기금융예수금,,,,
기타채무,,,,
유동종업원급여충당부채(*),,,,
확정급여부채,,,,
(사외적립자산),,,,
(현재가치할인차금),,,,
미인식보험수리적손익,,,,
미인식과거근무원가,,,,
기타단기종업원급여충당부채,,,,
기타,,,,
기타단기충당부채(*),,,,
반품충당부채,,,,
(공사)손실부담계약충당부채,,,,
구조조정충당부채,,,,
제품보증충당부채,,,,
원상복구및사후처리충당부채,,,,
하자보수충당부채,,,,
지급(금융)보증충당부채,,,,
법적소송충당부채,,,,
기타,,,,
당기법인세부채(미지급법인세),25717903,4918728,,
계약부채,,,,
반품(환불)부채,,,,
배출부채,,,,
기타유동부채(*),,,,2553
선수금(*),,,,
선수금,,,,
공사선수금,,,,
분양선수금,,,,
임대선수금,,,,
기타선수금,,,,
선수수익,,,,2553
기타의유동부채(*),,,,
보증금,,,,
"이연수익(정부보조금,포인트관련등)",,,,
기타,,,,
매각예정으로분류된처분자산집단에포함된부채(*),,,,
비유동부채(*),,,,
사채,,,,
장기차입금,,,,
비유동금융부채,,,,
장기매입채무및기타비유동채무,,,,
비유동종업원급여충당부채,,,,
기타장기충당부채,,,,
이연법인세부채,,,,
기타비유동부채,,,,
유동부채(*),,,,
사채,,,,
단기차입금,,,,
유동금융부채,,,,
단기매입채무및기타유동채무,,,,
기타단기충당부채,,,,
기타유동부채,,,,
기타,,,,
비유동부채(*),44259521,17711467,15499856,7748561
사채(*),,,,
장기미지급이자(*),,,,
사채상환할증금(*),,,,
사채할증발행차금(*),,,,
(사채할인발행차금)(*),,,,
(사채조정계정)(*),,,,
사채,,,,
장기미지급이자,,,,
사채상환할증금,,,,
사채할증발행차금,,,,
(사채할인발행차금),,,,
전환사채,,,,
장기미지급이자,,,,
사채상환할증금,,,,
사채할증발행차금,,,,
(사채할인발행차금),,,,
(전환사채조정계정),,,,
신주인수권부사채,,,,
장기미지급이자,,,,
사채상환할증금,,,,
사채할증발행차금,,,,
(사채할인발행차금),,,,
(신주인수권부사채조정계정),,,,
교환사채,,,,
장기미지급이자,,,,
사채상환할증금,,,,
사채할증발행차금,,,,
(사채할인발행차금),,,,
(교환사채조정계정),,,,
장기차입금(*),41499190,14210320,11738960,4285500
(현재가치할인차금)(*),,,,
*외화장기차입금,,,,
*특수관계자장기차입금,,,,
*주임종장기차입금,,,,
장기차입금,41499190,14210320,11738960,4285500
(현재가치할인차금),,,,
국민주택기금차입금,,,,
(현재가치할인차금),,,,
기타장기차입금,,,,
(현재가치할인차금),,,,
비유동금융부채(*),1170228,1006731,728884,195070
(현재가치할인차금)(*),,,,
(금융)리스부채,1170228,1006731,728884,195070
(현재가치할인차금),,,,
장기상환우선주부채,,,,
(현재가치할인차금),,,,
장기유동화채무,,,,
장기파생상품부채(*),,,,
옵션,,,,
선물,,,,
선도,,,,
스왑,,,,
"신주인수권,전환권",,,,
기타장기파생상품부채,,,,
지급(금융)보증계약부채,,,,
(현재가치할인차금),,,,
비지배지분부채,,,,
기타의비유동금융부채(*),,,,
당기손익-공정가치측정 금융부채,,,,
상각후원가측정 금융부채,,,,
장기당기손익인식금융부채,,,,
보증금,,,,
(현재가치할인차금),,,,
정부보조금,,,,
기타비유동금융부채,,,,
(현재가치할인차금),,,,
장기매입채무및기타비유동채무(*),86053,1755519,114777,362015
장기매입채무(*),,,,
(현재가치할인차금)(*),,,,
*외화장기성매입채무,,,,
*특수관계자장기매입채무,,,,
장기매입채무,,,,
(현재가치할인차금),,,,
연불매입채무,,,,
(현재가치할인차금),,,,
기타장기매입채무,,,,
(현재가치할인차금),,,,
장기미지급금(*),86053,1755519,114777,362015
(현재가치할인차금)(*),,,,
*외화장기미지급금,,,,
*특수관계자장기미지급금,,,,
장기미지급금,86053,1755519,114777,362015
(현재가치할인차금),,,,
장기공사미지급금,,,,
(현재가치할인차금),,,,
기타장기미지급금,,,,
(현재가치할인차금),,,,
장기초과청구공사,,,,
(추정공사손실),,,,
(현재가치할인차금),,,,
기타의비유동채무(*),,,,
장기보증금(*),,,,
(현재가치할인차금)(*),,,,
수입보증금,,,,
(현재가치할인차금),,,,
장기임대보증금,,,,
(현재가치할인차금),,,,
기타장기보증금,,,,
(현재가치할인차금),,,,
장기미지급비용(*),,,,
(현재가치할인차금)(*),,,,
장기미지급비용,,,,
(현재가치할인차금),,,,
장기미지급제세,,,,
(현재가치할인차금),,,,
장기미지급배당금,,,,
(현재가치할인차금),,,,
기타장기미지급비용,,,,
(현재가치할인차금),,,,
장기예수금(*),,,,
(현재가치할인차금)(*),,,,
장기예수금,,,,
(현재가치할인차금),,,,
부가세장기예수금,,,,
(현재가치할인차금),,,,
장기예수보증금,,,,
(현재가치할인차금),,,,
기타장기예수금,,,,
(현재가치할인차금),,,,
장기금융예수금,,,,
기타장기채무,,,,
(현재가치할인차금),,,,
비유동종업원급여충당부채(*),161007,738898,2917234,2905976
확정급여부채,,8496718,11353189,13274732
(사외적립자산),,7977961,8738767,10757468
(현재가치할인차금),,,,
미인식보험수리적손익,,,,
미인식과거근무원가,,,,
"기타장기종업원급여부채(연차,상여등)",161007,220140,302812,388712
기타,,,,
기타장기충당부채(*),,,,
반품충당부채,,,,
(공사)손실부담계약충당부채,,,,
구조조정충당부채,,,,
제품보증충당부채,,,,
원상복구및사후처리충당부채,,,,
하자보수충당부채,,,,
지급(금융)보증충당부채,,,,
법적소송충당부채,,,,
기타,,,,
이연법인세부채,1343044,,,
장기당기법인세부채(미지급법인세),,,,
(현재가치할인차금),,,,
계약부채,,,,
반품(환불)부채,,,,
배출부채,,,,
기타비유동부채(*),,,,
장기선수금(*),,,,
(현재가치할인차금)(*),,,,
장기선수금,,,,
(현재가치할인차금),,,,
장기공사선수금,,,,
(현재가치할인차금),,,,
장기분양선수금,,,,
(현재가치할인차금),,,,
장기임대선수금,,,,
(현재가치할인차금),,,,
기타장기선수금,,,,
(현재가치할인차금),,,,
장기선수수익,,,,
(현재가치할인차금),,,,
기타의비유동부채(*),,,,
보증금,,,,
(현재가치할인차금),,,,
"이연수익(정부보조금,포인트관련등)",,,,
(현재가치할인차금),,,,
기타,,,,
(현재가치할인차금),,,,
기타금융업부채,,,,
자본(*),418605272,687018994,568392879,512388506
*수권주식수,40000000,40000000,40000000,40000000
*주당액면가액,500,500,500,500
*발행한주식총수(*),4170000,4788000,4785000,4785000
*보통주,4170000,4788000,4785000,4785000
*우선주,,,,
지배기업주주지분(*),418605272,687018994,568392879,512388506
자본금(*),2085024,2393916,2393916,2393916
보통주자본금,2085024,2393916,2393916,2393916
우선주자본금,,,,
신종자본증권,,,,
자본잉여금(*),9359281,408909377,408909377,408909377
주식발행초과금,9359281,408909377,408909377,408909377
자기주식처분이익,,,,
전환권대가,,,,
신주인수권대가,,,,
교환권대가,,,,
기타의자본잉여금(*),,,,
감자차익,,,,
배당건설이자,,,,
보험차익,,,,
합병차익,,,,
자산수증이익,,,,
채무면제이익,,,,
주식매입선택권,,,,
전환권재매입이익,,,,
기타자본잉여금,,,,
재평가적립금(2001년이전),,,,
기타자본(*),-1835570,-4148709,-3488752,-4247507
자기주식,,,,
자기주식처분손실,,,,
주식매입선택권,,,-1653182,-2411937
기타(*),-1835570,-4148709,-1835570,-1835570
주식할인발행차금,,,,
감자차손,-1835570,-1835570,-1835570,-1835570
파생상품평가이익,,,,
파생상품평가손실,,,,
전환권재매입손실,,,,
기타,,-2313139,,
기타포괄손익누계액(*),,,701264,1739474
금융자산평가손익,,,,
기타포괄손익-공정가치측정 금융자산평가손익,,,,
당기손익조정접근법 조정손익,,,,
당기손익-공정가치측정 금융부채평가손익,,,,
매도가능금융자산평가손익,,,,
관계기업등기타포괄손익,,,735129,1397339
환산관련외환차이적립금(환율변동차이),,,-33865,342135
현금흐름위험회피적립금,,,,
해외사업장순투자위험회피적립금,,,,
재평가잉여금,,,,
확정급여제도의보험수리적손익적립금,,,,
확정급여제도의재측정요소,,,,
주식기준보상적립금,,,,
기타,,,,
이익잉여금(결손금)(*),408996536,279864410,159877074,103593246
*(지배)당기순손익,105403805,71891679,-119134855,-56592517
이익준비금,,,,
재무구조개선적립금,,,,
기업합리화적립금,,,,
기업발전적립금,,,,
기타법정적립금,1042512,1042512,1042512,1042512
재평가손익,,,,
보험수리적손익,,,,
기술개발준비금,,,,
연구및인력개발준비금,,,,
사업손실준비금,,,,
퇴직급여적립금,,,,
기타임의적립금,,,,
기타이익잉여금,,,,
미처분이익잉여금(결손금),407954024,278821898,158834562,102550734
*전기이월미처분이익잉여금(결손금),,,,
비지배주주지분,,,,
*(비지배)당기순손익,,,,
*비지배주주지분초과손실액,,,,
매출액(수익)(*),423641390,439439385,128404367,209914340
*수출(*),,,,
*상품수출매출,,,,
*제품수출매출,,,,
*상품제품수출매출,,,,
*해외공사수익,,,,
*내수,,,,
*특수관계자매출(수익),,,,
상품매출액,,,,
제품매출액,423641390,439439385,,
상품제품매출액,,,,
공사수익,,,,
분양수익,,,,
용지매출수익,,,,
용역수익,,,,
임대수익,,,,
수수료수익,,,,
로열티수익,,,,
"통신,방송(제작)수익",,,,
리스(렌탈)수익,,,,
지분법이익,,,,
금융수익,,,,
이자수익,,,,
배당수익,,,,
기타,,,128404367,209914340
(매출조정)(*),,,,
(매출에누리와환입),,,,
반품추정매출,,,,
(매출할인),,,,
(매출장려금),,,,
(주세담배소비세등),,,,
(기타매출조정),,,,
매출원가(*),273113277,375107757,263115610,253139455
*특수관계자매출원가,,,,
상품매출원가(*),,,,
기초상품재고액,,,,
당기상품매입액,,,,
재고자산평가손실(환입),,,,
전입,,,,
(관세환급금),,,,
(대체),,,,
(기말상품재고액),,,,
제품매출원가(*),273113277,375107757,,
기초제품재고액,,,,
당기제조원가,,,,
재고자산평가손실(환입),,,,
전입,,,,
(관세환급금),,,,
(대체),,,,
(기말제품재고액),,,,
상품제품매출원가(*),,,,
기초재고액,,,,
당기매입액,,,,
재고자산평가손실(환입),,,,
전입,,,,
(관세환급금),,,,
(대체),,,,
(기말재고액),,,,
공사원가,,,,
분양원가,,,,
용지매출원가,,,,
용역원가,,,,
임대원가,,,,
수수료원가,,,,
로열티원가,,,,
"통신,방송(제작)비",,,,
리스(렌탈)원가,,,,
지분법손실,,,,
금융비용,,,,
이자비용,,,,
기타매출원가,,,263115610,253139455
(매출원가조정)(*),,,,
(매입에누리와환출),,,,
반품추정매출원가,,,,
(매입할인),,,,
(관세환급금),,,,
재고자산평가손실(환입),,,,
(기타매출원가조정),,,,
매출총이익(손실),150528113,64331628,-134711243,-43225115
판매비와관리비(*),7772756,14313404,20155854,20370682
인건비(*),3115340,5289272,5421076,6248738
급여,1868203,3709048,3486591,4361252
퇴직급여,202400,316225,444927,508739
명예퇴직,,,,
복리후생비,1044737,1063984,1310162,1245335
주식보상비,,200015,179396,133412
유무형자산상각비(*),442993,687134,554673,454687
감가상각비,383227,533031,407009,309992
무형자산상각비(*),59766,154103,147664,144695
개발비상각,,,,
기타무형자산상각비,59766,154103,147664,144695
연구개발비,1455977,2640314,2720350,2660166
광고선전비,,,,
판매비(*),,,,
판매촉진비및판매수수료(*),,,,
판매촉진비,,,,
판매수수료,,,,
분양대행수수료,,,,
물류비용(*),,,,
보관료,,,,
포장비,,,,
운반비,,,,
기타물류원가,,,,
수출비용,,,,
특허권등사용료,,,,
반품비용,,,,
A/S비용(*),,,,
애프터서비스비,,,,
하자보수충당부채전입액,,,,
대손상각비,,,,
기타판매비(*),,,,
견본비,,,,
해외시장개척비,,,,
광고대행수수료,,,,
수주비상각,,,,
미분양주택관리비,,,,
기타,,,,
관리비(*),2364206,4751854,10287982,8917941
임차료,56970,555006,4602205,2978553
리스료,,,,
수도광열비,,,,
세금과공과,,,,
보험료,,,,
지급수수료,1811424,3169492,5164673,4949132
기타관리비(*),495812,1027356,521104,990256
여비교통비,139596,557444,133282,546323
차량유지비,,,,
통신비,,,,
소모품비,,,,
도서인쇄비,,,,
도서구입비,,,,
교육훈련비,,,,
전산처리비,,,,
용역비,356216,469912,387822,443933
수선비,,,,
보상비,,,,
사무비,,,,
체육비,,,,
협회비등,,,,
행사비,,,,
접대비,,,,
기타비화폐적비용,,,,
기타,,,,
기타원가성비용(*),,,,
국제정산부담금,,,,
전용회선료(회선사용료),,,,
전파사용료,,,,
접속료,,,,
정산료,,,,
상품매출원가,,,,
제품매출원가,,,,
"통신,방송(제작)비",,,,
리스(렌탈)원가,,,,
기타,394240,944830,1171773,2089150
영업이익(손실),142755357,50018225,-154867097,-63595797
금융수익(*),23914177,40037126,10235386,4575887
이자수익,17000256,13669739,7453070,1963472
배당금수익,36800,72000,,
외환이익(*),3626078,7529688,2632622,2415177
외환차익,3414358,7002529,2400939,1567140
외화환산이익,211720,527159,231683,848037
기타외환이익,,,,
대손충당금환입액,,,,
매출채권처분이익,,,,
당기손익-공정가치측정 금융자산관련이익,,,,
금융자산처분이익(*),,,,
당기손익-공정가치측정 금융자산처분이익,,,,
기타포괄손익-공정가치측정 금융자산처분이익,,,,
상각후원가측정 금융자산처분이익,,,,
당기손익인식금융자산처분이익(*),,,,
당기손익인식(지정)금융자산처분이익,,,,
단기매매금융자산처분이익,,,,
단기투자자산처분이익,,,,
매도가능금융자산처분이익,,,,
만기보유금융자산처분이익,,,,
기타금융자산처분이익,,,,
금융자산평가이익(*),772526,18338048,,
당기손익-공정가치측정 금융자산평가이익,772526,18338048,,
당기손익인식금융자산평가이익(*),,,,
당기손익인식(지정)금융자산평가이익,,,,
단기매매금융자산평가이익,,,,
단기투자자산평가이익,,,,
매도가능금융자산평가이익,,,,
만기보유금융자산평가이익,,,,
기타금융자산평가이익,,,,
금융자산손상차손환입(*),,,,
기타포괄손익-공정가치측정 금융자산손상차손환입,,,,
상각후원가측정 금융자산손상차손환입,,,,
매도가능금융자산손상차손환입,,,,
만기보유금융자산손상차손환입,,,,
기타금융자산손상차손환입,,,,
파생상품이익(*),2478516,427651,149694,197238
파생상품평가이익,2478516,427651,149694,197238
파생상품거래이익,,,,
기타파생상품이익,,,,
기타금융수익(*),,,,
"종속기업,공동지배기업및관계기업(지분법)관련이익",,,,
금융부채관련이익,,,,
사채상환이익,,,,
기타금융수익,,,,
금융원가(*),18604607,10913178,4990146,7175152
이자비용,3126262,2894483,2045772,1930961
외환손실(*),10182345,6614468,2895489,4659778
외환차손,6737158,4719724,2596206,3881230
외화환산손실,3445187,1894744,299283,778548
기타외환손실,,,,
대손상각비,,,,
당기손익-공정가치측정 금융자산관련손실,,,,
매출채권처분손실,,,,
금융자산처분손실(*),,,,
당기손익-공정가치측정 금융자산처분손실,,,,
기타포괄손익-공정가치측정 금융자산처분손실,,,,
상각후원가측정 금융자산처분손실,,,,
당기손익인식금융자산처분손실(*),,,,
당기손익인식(지정)금융자산처분손실,,,,
단기매매금융자산처분손실,,,,
단기투자자산처분손실,,,,
매도가능금융자산처분손실,,,,
만기보유금융자산처분손실,,,,
기타금융자산처분손실,,,,
금융자산평가손실(*),5296000,,,
당기손익-공정가치측정 금융자산평가손실,5296000,,,
당기손익인식금융자산평가손실(*),,,,
당기손익인식(지정)금융자산평가손실,,,,
단기매매금융자산평가손실,,,,
단기투자자산평가손실,,,,
매도가능금융자산평가손실,,,,
만기보유금융자산평가손실,,,,
기타금융자산평가손실,,,,
금융자산손상차손(*),,,,
기타포괄손익-공정가치측정 금융자산손상차손,,,,
상각후원가측정 유가증권손상차손,,,,
매도가능금융자산손상차손,,,,
만기보유금융자산손상차손,,,,
기타금융자산손상차손,,,,
파생상품손실(*),,1404227,48885,584413
파생상품평가손실,,358615,,584413
파생상품거래손실,,1045612,48885,
기타파생상품손실,,,,
기타금융원가(*),,,,
"종속기업,공동지배기업및관계기업(지분법)관련손실",,,,
금융부채관련손실,,,,
사채상환손실,,,,
기타금융원가,,,,
기타수익(*),7696,18607,58595,332613
이자수익,,,,
배당금수익,,,,
외환이익(*),,,,
외환차익,,,,
외화환산이익,,,,
기타외환이익,,,,
재고자산감모손실환입,,,,
재고자산폐기(처분)이익,,,,
당기손익-공정가치측정 금융자산평가이익,,,,
자산처분(폐기)이익(*),2275,4413,1999,107202
유형자산처분이익(*),2275,4413,1999,107202
"유형,리스자산처분이익",2275,4413,1999,107202
임대주택자산처분이익,,,,
무형자산처분이익,,,,
투자부동산처분이익,,,,
투자자산처분이익,,,,
매각예정처분자산집단처분이익,,,,
당기손익-공정가치측정 금융자산처분이익,,,,
기타포괄손익-공정가치측정 금융자산처분이익,,,,
상각후원가측정 금융자산처분이익,,,,
기타자산처분이익,,,,
자산평가이익,,,,
자산손상차손환입(*),,,,
재고자산손상차손(평가손실)환입,,,,
유형자산손상차손환입(*),,,,
유형자산손상차손환입,,,,
임대주택자산손상차손환입,,,,
무형자산손상차손환입,,,,
기타포괄손익-공정가치측정 금융자산손상차손환입,,,,
상각후원가측정 금융자산손상차손환입,,,,
매각예정처분자산집단손상차손환입,,,,
기타자산손상차손환입,,,,
파생상품이익(*),,,,
파생상품평가이익,,,,
파생상품거래이익,,,,
기타파생상품이익,,,,
임대료수익,,,,
로열티수익,,,,
수수료수익,,,,
대손충당금환입,,,,
충당부채환입액,,,,
기타(*),5422,14195,56596,225411
자산재평가이익,,,,
"종속기업,공동지배기업및관계기업(지분법)관련이익",,,,
금융부채관련이익,,,,
사채상환이익,,,,
법인세환급액,,,,
채무면제이익,,,,
보험차익,,,,
순사외적립자산기대수익,,,,
보험수리적이익,,,,
연체료수익,,,,
정부보조금으로인한이익,,,,
전기오류수정이익,,,,
기타,5422,14195,56596,225411
기타비용(*),5350747,1127078,186172,12693467
이자비용,,,,
외환손실(*),,,,
외환차손,,,,
외화환산손실,,,,
기타외환손실,,,,
재고자산감모손실,,,,
재고자산폐기(처분)손실,,,,
당기손익-공정가치측정 금융자산평가손실,,,,
자산처분(폐기)손실(*),738,657679,15061,1003
매출채권처분손실,,,,
유형자산처분손실(*),738,657679,15061,1003
"유형,리스자산처분손실",738,657679,15061,1003
임대주택자산처분손실,,,,
무형자산처분손실,,,,
투자부동산처분손실,,,,
투자자산처분손실,,,,
매각예정처분자산집단처분손실,,,,
당기손익-공정가치측정 금융자산처분손실,,,,
기타포괄손익-공정가치측정 금융자산처분손실,,,,
상각후원가측정 금융자산처분손실,,,,
기타자산처분손실,,,,
자산평가손실,,,,
자산손상차손(*),,,,
재고자산손상차손(평가손실),,,,
유형자산손상차손(*),,,,
유형자산손상차손,,,,
임대주택자산손상차손,,,,
영업권손상차손,,,,
기타무형자산손상차손,,,,
기타포괄손익-공정가치측정 금융자산손상차손,,,,
상각후원가측정 금융자산손상차손,,,,
매각예정처분자산집단손상차손,,,,
기타자산손상차손,,,,
파생상품손실(*),,,,
파생상품평가손실,,,,
파생상품거래손실,,,,
기타파생상품손실,,,,
기타대손상각비,60000,,,
충당부채전입액,,,,
기타(*),5290009,469399,171111,12692463
자산재평가손실,,,,
"종속기업,공동지배기업및관계기업(지분법)관련손실",,,,12524700
금융부채관련손실,,,,
사채상환손실,,,,
수주비,,,,
분양관리비,,,,
미분양주택관리비,,,,
하자보수비,,,,
퇴직연금운용손실,,,,
보험수리적손실,,,,
구조조정활동비용,,,,
정부보조금으로인한손실,,,,
기부금,5205305,468555,168748,102728
법인세추납액,,,,
전기오류수정손실,,,,
기타,84704,844,2363,65035
"종속기업,공동지배기업및관계기업관련손익(*)",,,7682746,-1145370
지분법손익(*),,,7682746,-1145370
지분법이익(*),,,7682746,
지분법이익,,,7682746,
지분법적용회사투자이익,,,,
지분법손실(*),,,,-1145370
지분법손실,,,,-1145370
지분법적용회사투자손실,,,,
"종속기업,공동지배기업및관계기업투자주식처분손익(*)",,,,
"종속기업,공동지배기업및관계기업투자주식처분이익(*)",,,,
관계기업처분이익,,,,
종속기업처분이익,,,,
지분법적용투자주식처분이익,,,,
"종속기업,공동지배기업및관계기업투자주식처분손실(*)",,,,
지분법적용투자주식처분손실,,,,
관계기업처분손실,,,,
종속기업처분손실,,,,
"종속기업,공동지배기업및관계기업투자주식손상관련손익(*)",,,,
"종속기업,공동지배기업및관계기업투자주식손상차손환입(*)",,,,
관계기업손상차손환입,,,,
종속기업손상차손환입,,,,
지분법적용투자주식손상차손환입,,,,
"종속기업,공동지배기업및관계기업투자주식손상차손(*)",,,,
관계기업손상차손,,,,
종속기업손상차손,,,,
지분법적용투자주식손상차손,,,,
기타(*),,,,
지분법관련손익기타,,,,
관계기업손익기타,,,,
종속기업손익기타,,,,
기타,,,,
법인세비용차감전계속사업이익,142721876,78033702,-142066689,-79701284
법인세비용,37318071,6142023,-22931834,-23108767
종속회사매수일전순손익,,,,
처분된종속회사순손익,,,,
계속영업이익(손실),105403805,71891679,-119134855,-56592517
중단영업이익(손실),,,,
*중단영업손익법인세효과,,,,
당기순이익(손실),105403805,71891679,-119134855,-56592517
기타포괄손익(*),94812,-1024133,-126559,1838285
금융자산평가손익,,,,
기타포괄손익-공정가치측정 금융자산평가손익,,,,
당기손익조정접근법 조정손익,,,,
당기손익-공정가치측정 금융부채평가손익,,,,
매도가능금융자산평가손익,,,,
관계기업등기타포괄손익,,,735129,918029
환산관련외환차이(환율변동차이),,,-33865,662210
현금흐름위험회피적립금,,,,
해외사업장순투자위험회피,,,,
재평가손익,,,,
확정급여제도의보험수리적손익,,,,
확정급여제도의재측정요소,94812,-1024133,-827823,258045
주식기준보상적립금,,,,
기타,,,,
기타포괄손익관련법인세,,,,
총포괄손익,105498616,70867546,-119261414,-54754232
(당기순손익귀속)지배기업주주지분,105403805,71891679,-119134855,-56592517
계속영업손익,,,,
중단영업손익,,,,
(당기순손익귀속)비지배주주지분,,,,
계속영업손익,,,,
중단영업손익,,,,
(총포괄손익귀속)지배기업주주지분,105498616,70867546,-119261414,-54754232
(총포괄손익귀속)비지배주주지분,,,,
주당계속영업이익,25276,16183,-24883,-11820
주당순손익,25276,16183,-24883,-11820
희석주당계속영업이익,,,,
희석주당순손익,,,,
(지배기업주주지분)주당계속영업이익,25276,16183,-24883,-11820
(지배기업주주지분)주당순손익,25276,16183,-24883,-11820
(지배기업주주지분)희석주당계속영업이익,,,,
(지배기업주주지분)희석주당순손익,,,,
*성격별비용계정(*),280886033,389421160,283271464,273510137
*제품과재공품의변동,-32716912,-48853940,-20765349,14097594
*기업이수행한용역으로서자본화되어있는부분,,,,
*원재료와저장품(소모품)의사용액,274330634,383105238,234381846,177431883
*상품의판매,,,,
*기타원가,,,,
*종업원급여비용,18570597,24588669,22500937,23784739
*감가상각비와기타상각비및손상차손,8901345,11834494,14952768,17784581
*세금과공과,,,,
*대손상각비,,,,
*물류비(운송보관),390596,531066,891130,1984757
*광고및판매촉진비,,,,
*임차료및리스료,,655385,4781582,3181287
*경상연구개발비,,,,
*기타비용,11409773,17560248,26528550,35245296
영업활동으로인한현금흐름(간접법)(*),-171672961,-3496619,-135118184,4240968
*(직접법)총현금유입(*),,,,
*재화의판매와용역제공에따른현금유입,,,,
"*로열티,수수료,중개료및기타수익에따른현금유입",,,,
"*수입보험료,보험금,연금및기타급부금관련현금유입",,,,
*이자수취액,,,,
*배당금수취액,,,,
*법인세환급,,,,
*단기매매목적으로보유하는계약에서발생하는현금유입,,,,
*기타현금유입액,,,,
*(직접법)총현금유출(*),,,,
*재화와용역의구입에따른현금유출,,,,
*종업원과관련하여직·간접으로발생하는현금유출,,,,
"*수입보험료,보험금,연금및기타급부금관련현금유출",,,,
*이자비용유출액,,,,
*배당금지급액,,,,
*법인세납부,,,,
*단기매매목적으로보유하는계약에서발생하는현금유출,,,,
*기타현금유출액,,,,
당기순손익,,71891679,-119134855,-56592517
법인세비용차감전계속사업이익,142721876,,,
현금유출이없는비용등가산(*),22083736,64676939,64326129,37819792
퇴직급여,1240482,1403803,2007686,2335525
종업원급여(복리후생비등),13722,69134,87038,88400
주식보상비,,1232028,1184338,646292
대손상각비(대손충당금전입액),,,,
감가상각비,8796514,11617658,14614762,17437349
무형자산상각비(*),104831,216836,338006,347231
개발비상각,,,,
기타무형자산상각비,104831,216836,338006,347231
계약부채전입액,,,,
반품(환불)부채전입액,,,,
배출부채전입액,,,,
충당부채전입액,,,,
외환손실(*),3445187,1894744,299283,778548
외환차손,,,,
외화환산손실,3445187,1894744,299283,778548
기타외환거래손실,,,,
기타의대손상각비(대손충당금전입액),60000,,,
금융원가,,,,
이자비용(*),3126262,2894483,2045772,1930961
장기미지급이자,,,,
사채할인발행차금상각,,,,
현재가치할인발행차금상각,,,,
기타이자비용,3126262,2894483,2045772,1930961
배당금지급,,,,
매출채권처분손실,,,,
당기손익-공정가치측정 금융자산관련손실,,,,
금융자산처분손실(*),,,,
당기손익-공정가치측정 금융자산처분손실,,,,
기타포괄손익-공정가치측정 금융자산처분손실,,,,
상각후원가측정 금융자산처분손실,,,,
당기손익인식(지정)금융상품처분손실,,,,
단기매매금융자산처분손실,,,,
단기투자자산처분손실,,,,
매도가능금융자산처분손실,,,,
만기보유금융자산처분손실,,,,
기타금융자산처분손실,,,,
금융자산평가손실(*),5296000,,,
당기손익-공정가치측정 금융자산평가손실,5296000,,,
당기손익인식(지정)금융상품평가손실,,,,
단기매매금융자산평가손실,,,,
단기투자자산평가손실,,,,
매도가능금융자산평가손실,,,,
만기보유금융자산평가손실,,,,
기타금융자산평가손실,,,,
금융자산손상차손(*),,,,
기타포괄손익-공정가치측정 금융자산손상차손,,,,
상각후원가측정 금융자산손상차손,,,,
매도가능금융자산손상차손,,,,
만기보유금융자산손상차손,,,,
기타금융자산손상차손,,,,
파생상품손실(*),,358615,48885,584413
파생상품평가손실,,358615,,584413
파생상품거래손실,,,48885,
기타파생상품손실,,,,
금융부채관련손실,,,,
사채상환손실,,,,
재고자산감모손실,,,,
재고자산폐기(처분)손실,,,,
자산처분(폐기)손실(*),738,657679,15061,1003
투자부동산처분손실,,,,
투자자산처분손실,,,,
"유형,리스자산처분손실",738,657679,15061,1003
임대주택자산처분손실,,,,
무형자산처분손실,,,,
기타자산처분손실,,,,
투자자산평가손실,,,,
자산재평가손실,,,,
자산손상차손(*),,38189936,43685298,
매출채권및기타채권손상차손,,,,
재고자산손상차손(평가손실),,38189936,43685298,
유형자산손상차손,,,,
임대주택자산손상차손,,,,
영업권손상차손,,,,
무형자산손상차손,,,,
매각예정처분자산집단손상차손,,,,
기타자산손상차손,,,,
지분법관련손실(*),,,,1145370
지분법손실,,,,1145370
지분법적용회사투자손실,,,,
지분법적용투자주식처분손실,,,,
지분법적용투자주식손상차손,,,,
기타지분법관련손실,,,,
종속기업관련손실,,,,
관계기업관련손익,,,,12524700
법인세비용,,6142023,,
기타비용(*),,,,
비지배주주지분순손익,,,,
전기오류수정손익,,,,
보험수리적손실,,,,
구조조정활동의비용,,,,
재해손실,,,,
기타,,,,
(현금유입이없는수익등차감)(*),20465293,33039010,38451026,69160220
외환이익(*),211720,527159,231683,848037
외환차익,,,,
외화환산이익,211720,527159,231683,848037
기타외환거래이익,,,,
대손충당금환입액,,,,
금융수익,,,,
이자수익,17000256,13669739,7453070,1963472
배당금수익,,72000,,
매출채권처분이익,,,,
당기손익-공정가치측정 금융자산관련이익,,,,
금융자산처분이익(*),,,,
당기손익-공정가치측정 금융자산처분이익,,,,
기타포괄손익-공정가치측정 금융자산처분이익,,,,
상각후원가측정 금융자산처분이익,,,,
당기손익인식(지정)금융상품처분이익,,,,
단기매매금융자산처분이익,,,,
단기투자자산처분이익,,,,
매도가능금융자산처분이익,,,,
만기보유금융자산처분이익,,,,
기타금융자산처분이익,,,,
금융자산평가이익(*),772526,18338048,,
당기손익-공정가치측정 금융자산평가이익,772526,18338048,,
당기손익인식(지정)금융상품평가이익,,,,
단기매매금융자산평가이익,,,,
단기투자자산평가이익,,,,
매도가능금융자산평가이익,,,,
만기보유금융자산평가이익,,,,
기타금융자산평가이익,,,,
금융자산손상차손환입(*),,,,
기타포괄손익-공정가치측정 금융자산손상차손환입,,,,
상각후원가측정 금융자산손상차손환입,,,,
매도가능금융자산손상차손환입,,,,
만기보유금융자산손상차손환입,,,,
기타금융자산손상차손환입,,,,
파생상품이익(*),2478516,427651,149694,197238
파생상품평가이익,2478516,427651,149694,197238
파생상품거래이익,,,,
기타파생상품이익,,,,
금융부채관련이익,,,,
사채상환이익,,,,
퇴직급여충당부채환입액,,,,
계약부채환입액,,,,
반품(환불)부채환입액,,,,
배출부채환입액,,,,
충당부채환입액,,,,
주식보상비환입,,,,
재고자산감모손실환입,,,,
재고자산폐기(처분)이익,,,,
자산처분(폐기)이익(*),2275,4413,1999,107202
투자부동산처분이익,,,,
투자자산처분이익,,,,
"유형,리스자산처분이익",2275,4413,1999,107202
임대주택자산처분이익,,,,
무형자산처분이익,,,,
기타자산처분이익,,,,
투자자산평가이익,,,,
자산재평가이익,,,,
자산손상차손환입(*),,,,42935504
매출채권및기타채권손상차손환입,,,,
재고자산손상차손(평가손실)환입,,,,42935504
유형자산손상차손환입,,,,
임대주택자산손상차손환입,,,,
무형자산손상차손환입,,,,
매각예정처분자산집단손상차손환입,,,,
기타자산손상차손환입,,,,
지분법관련이익(*),,,7682746,
지분법이익,,,7682746,
지분법적용회사투자이익,,,,
지분법적용투자주식처분이익,,,,
지분법적용투자주식손상차손환입,,,,
기타지분법관련이익,,,,
종속회사관련이익,,,,
관계기업관련손익,,,,
법인세수익,,,22931834,23108767
기타수익(*),,,,
비지배주주지분순손익,,,,
전기오류수정손익,,,,
채무면제이익,,,,
보험수리적이익,,,,
기타,,,,
영업활동으로인한자산부채변동(운전자본변동)(*),-174933283,-70827641,-34010434,90432761
자산의감소(증가)(*),-186549258,-71779298,-25026789,100690651
매출채권의감소(증가)(*),-50335371,56992691,3565717,-33015261
매출채권의감소(증가),-50335371,56992691,3565717,-33015261
공사미수금의감소(증가),,,,
분양미수금의감소(증가),,,,
매출채권및기타채권의감소(증가),,,,
미청구공사의감소(증가),,,,
기타채권의감소(증가)(*),-1667448,-3918068,5089140,-346090
미수금의감소(증가),-1667448,-3918068,5089140,-346090
미수수익의감소(증가),,,,
자산보증금등의감소(증가),,,,
대여금및수취채권의감소(증가),,,,
대출채권의감소(증가),,,,
재고자산의감소(증가),-128467782,-126445237,-35801718,132724408
당기법인세자산(선급법인세)의감소(증가),,,,
이연법인세자산의감소(증가),,,,
기타자산의감소(증가)(*),-6078657,1591316,2120072,1327594
선급금의감소(증가),-3784656,3541441,243215,-25835
선급공사비의감소(증가),,,,
선급외주비의감소(증가),,,,
선급비용의감소(증가),49869,42926,-280008,139105
선급제세의감소(증가),-2343870,-1993051,2156865,1148270
금융자산의감소(증가),,,,66054
계약자산(원가)의 감소(증가),,,,
반품(회수권)자산(환불자산)의 감소(증가),,,,
배출권의 감소(증가),,,,
파생금융자산의감소(증가),,,,
기타금융업자산의감소(증가),,,,
매각예정자산의감소(증가),,,,
기타자산의감소(증가),,,,
부채의증가(감소)(*),11615975,951657,-8983645,-10257890
매입채무의증가(감소)(*),13855050,510541,-3542257,-5144024
매입채무의증가(감소),13855050,510541,-3542257,-5144024
공사미지급금의증가(감소),,,,
매입채무및기타채무의증가(감소),,,,
초과청구공사의증가(감소),,,,
기타채무의증가(감소)(*),1223363,2488465,-4153184,-3086658
미지급금의증가(감소),-309548,1171030,-1815329,-2121491
미지급비용의증가(감소),1532911,1317435,-2337855,-965167
미지급제세의증가(감소),,,,
부채보증금등의증가(감소),,,,
충당부채의증가(감소),,,,
퇴직급여채무의증가(감소)(*),-3038809,-1982342,-1008318,-2108958
"퇴직급여채무(종업원급여충당부채,확정급여부채)의증가(감소)",-3038809,-1982342,-1008318,-2108958
사외적립자산의감소(증가),,,,
퇴직급여채무의전입(전출),,,,
퇴직금의지급,,,,
퇴직연금미지급금의증가(감소),,,,
기타퇴직금관련변동,,,,
당기법인세부채(미지급법인세)의증가(감소),,,,
이연법인세부채의증가(감소),,,,
기타부채의증가(감소)(*),-423629,-65007,-279886,81750
공사선수금의증가(감소),,,,
분양선수금의증가(감소),,,,
선수금의증가(감소),,,,
선수수익의증가(감소),,,,
예수금의증가(감소),-423629,-65007,-279886,81750
부가세예수금의증가(감소),,,,
금융부채의증가(감소),,,,
계약부채의 증가(감소),,,,
반품(환불)부채의 증가(감소),,,,
배출부채의 증가(감소),,,,
파생금융부채의증가(감소),,,,
기타금융업부채의증가(감소),,,,
매각예정부채의증가(감소),,,,
기타부채의증가(감소),,,,
정부보조금등의변동,,,,
기타운전자본의변동,,,,
*영업에서창출된현금흐름,-30592964,32701967,-127270186,2499816
이자수입,,,,
이자지급(-),,,,
배당금수입,,,,
배당금지급(-),,,,
법인세환입,,,,1741151
법인세납부(-),-141079998,-36198587,-7847997,
중단영업관련현금흐름,,,,
투자활동으로인한현금흐름(*),245408485,-105560151,195385789,-28966953
투자활동으로인한현금유입액(*),276493926,301489967,397570424,41379204
유동금융자산의감소(*),275472526,245507173,397132000,40696172
단기금융상품의감소,,,,
단기매매금융자산의감소,,,,
당기손익인식(지정)금융자산의감소,,,,
당기손익-공정가치측정 금융자산의 감소,275472526,245507173,,102562
기타포괄손익-공정가치측정 금융자산의 감소,,,,
상각후원가측정 금융자산의 감소,,,,
단기매도가능금융자산의감소,,,,
단기만기보유금융자산의감소,,,,
단기대여금의감소,,,,
기타유동금융자산의감소,,,397132000,40593610
장기금융상품의감소,,,,
매도가능금융자산의감소,,,,
만기보유금융자산의감소,,,,
장기대여금의감소,1000000,50200000,,515340
파생상품의변동,,4663175,,
기타비유동금융자산의감소,,,,
관계기업등지분관련투자자산의감소(*),,,,
종속기업투자의감소,,,,
관계기업투자의감소,,,,
조인트벤처투자의감소,,,,
기타투자자산의감소,,,,
유형자산의감소(*),,15393,3000,
토지의감소,,,,
설비자산의감소(*),,,,
건물및부속설비의감소,,,,
구축물의감소,,,,
기계장치의감소,,,,
중장비의감소,,,,
시설장치의감소,,,,
차량운반구의감소,,,,
선박의감소,,,,
항공기의감소,,,,
"공구,기구,비품의감소",,,,
리스(사용권)자산의 감소,,,,
유형탐사평가자산의감소,,,,
기타유형자산의감소(*),,15393,3000,
미착자산의감소,,,,
기타의유형자산의감소,,15393,3000,
건설중인자산의감소,,,,
무형자산의감소(*),,,,
영업권의감소,,,,
개발비의감소,,,,
산업재산권의감소(*),,,,
특허권의감소,,,,
기타산업재산권의감소,,,,
회원권및제이용권의감소(*),,,,
회원권의감소,,,,
제이용권의감소,,,,
기타무형자산의감소(*),,,,
컴퓨터소프트웨어의감소,,,,
브랜드의감소,,,,
라이선스와프랜차이즈의감소,,,,
저작권의감소,,,,
무형탐사평가자산의감소,,,,
제호와출판표제의감소,,,,
"조리법,공식,모형,설계및시제품의감소",,,,
기타의무형자산의감소,,,,
생물자산의감소,,,,
투자부동산의감소,,,,
기타투자활동으로인한현금유입액(*),21400,1104226,435424,167692
미수금의감소,,,,
선급금등의감소,,,,
리스채권의감소,,,,
보증금등의감소,21400,29424,300000,13162
퇴직급여자산의감소,,,,
기타유동자산의감소,,,,
기타비유동자산의감소,,,,
처분자산집단의감소,,,,
기타금융업자산의감소,,,,
매각예정비유동자산의감소,,,,
정부보조금등의변동,,1074802,135424,154530
종속기업및기타사업의지배력관련한현금흐름,,,,
합병분할(양수도등)으로인한현금유입액,,,,
기타,,,,
(투자활동으로인한현금유출액)(*),50060757,417272586,214136617,72390308
유동금융자산의증가(*),,297132000,117622000,26481610
단기금융상품의증가,,,,
단기매매금융자산의증가,,,,
당기손익인식(지정)금융자산의증가,,,,
당기손익-공정가치측정 금융자산의 증가,,,490000,520000
기타포괄손익-공정가치측정 금융자산의 증가,,,,
상각후원가측정 금융자산의 증가,,,,
단기매도가능금융자산의증가,,,,
단기만기보유금융자산의증가,,,,
단기대여금의증가,,,,
기타유동금융자산의증가,,297132000,117132000,25961610
장기금융상품의증가,,,,
매도가능금융자산의증가,,,,
만기보유금융자산의증가,,,,
장기대여금의증가,12000000,39200000,,20895152
파생상품의변동,,,,
기타비유동금융자산의증가,5000000,,,
관계기업등지분관련투자자산의증가(*),,725000,8096927,725000
종속기업투자의증가,,,,
관계기업투자의증가,,725000,8096927,725000
조인트벤처투자의증가,,,,
기타투자자산의증가,,,,
유형자산의증가(*),31880665,80024158,88156963,20258705
토지의증가,,,,
설비자산의증가(*),,,,
건물및부속설비의증가,,,,
구축물의증가,,,,
기계장치의증가,,,,
중장비의증가,,,,
시설장치의증가,,,,
차량운반구의증가,,,,
선박의증가,,,,
항공기의증가,,,,
"공구,기구,비품의증가",,,,
리스(사용권)자산의 증가,,,,
유형탐사평가자산의증가,,,,
기타유형자산의증가(*),31880665,80024158,88156963,20258705
미착자산의증가,,,,
기타의유형자산의증가,31880665,80024158,88156963,20258705
건설중인자산의증가,,,,
무형자산의증가(*),783892,9000,,4018811
영업권의증가,,,,
개발비의증가,,,,
산업재산권의증가(*),,,,
특허권의증가,,,,
기타산업재산권의증가,,,,
회원권및제이용권의증가(*),,,,
회원권의증가,,,,
제이용권의증가,,,,
기타무형자산의증가(*),783892,9000,,4018811
컴퓨터소프트웨어의증가,,,,
브랜드의증가,,,,
라이선스와프랜차이즈의증가,,,,
저작권의증가,,,,
무형탐사평가자산의증가,,,,
제호와출판표제의증가,,,,
"조리법,공식,모형,설계및시제품의증가",,,,
기타의무형자산의증가,783892,9000,,4018811
생물자산의증가,,,,
투자부동산의증가,,,,
기타투자활동으로인한현금유출액(*),396200,182428,260728,11030
미수금의증가,,,,
선급금등의증가,,,,
리스채권의증가,,,,
보증금등의증가,396200,182428,260728,11030
퇴직급여자산의증가,,,,
기타유동자산의증가,,,,
기타비유동자산의증가,,,,
처분자산집단의증가,,,,
기타금융업자산의증가,,,,
매각예정비유동자산의증가,,,,
정부보조금등의변동,,,,
종속기업및기타사업의지배력관련한현금흐름,,,,
합병분할(양수도등)으로인한현금유출액,,,,
기타,,,,
이자수입,18975316,10222468,11951983,2044151
이자지급(-),,,,
배당금수입,,,,
배당금지급(-),,,,
법인세환입,,,,
법인세납부(-),,,,
중단영업관련현금흐름,,,,
재무활동으로인한현금흐름(*),-79386147,133950126,-11472418,10300077
재무활동으로인한현금유입액(*),214670402,468157149,93050000,87325417
사채의증가(*),,,,
단기사채의증가,,,,
장기사채의증가,,,,
차입금의증가(*),11800000,,,
단기차입금의증가(*),,,,
단기차입금의증가,,,,
당좌차월의증가,,,,
장기차입금의증가,11800000,,,
미지급금의증가(*),,,,
미지급금의증가,,,,
장기미지급금의증가,,,,
유동성장기부채의증가(*),202870402,68157453,93050000,82993000
유동성사채의증가,,,,
유동성장기차입금의증가,202870402,68157453,93050000,82993000
유동성유동화채무의증가,,,,
유동성연불매입채무의증가,,,,
기타유동성장기부채의증가,,,,
기타금융부채의증가(*),,,,4332417
보증금등의증가,,,,
(금융)리스부채의 증가,,,,
상환우선주부채의증가,,,,
유동화채무의증가,,,,
파생상품의변동,,,,
기타의금융부채의증가,,,,4332417
기타부채의증가,,,,
유상증자,,399999695,,
자기주식의처분,,,,
주식매입선택권의행사,,,,
자본구성항목의증가(*),,,,
자본금의증가,,,,
자본잉여금의증가,,,,
이익잉여금의증가,,,,
비지배주주지분의증가,,,,
기타재무활동으로인한현금유입액(*),,,,
연결자본거래로인한현금유입액,,,,
종속회사의증자등,,,,
종속기업소유지분변동에따른현금흐름,,,,
정부보조금등의변동,,,,
환율변동으로인한차이조정,,,,
합병분할(양수도등)으로인한현금유입액,,,,
기타,,,,
(재무활동으로인한현금유출액)(*),187976308,131212688,102360568,75084265
사채의감소(*),,,,
단기사채의감소,,,,
장기사채의감소,,,,
차입금의감소(*),,21170040,,5978520
단기차입금의감소(*),,,,
단기차입금의감소,,,,
당좌차월의감소,,,,
장기차입금의감소,,21170040,,5978520
미지급금의감소(*),,,,
미지급금의감소,,,,
장기미지급금의감소,,,,
유동성장기부채의감소(*),185097199,109604447,101996360,68728500
유동성사채의감소,,,,
유동성장기차입금의감소,185097199,109604447,101996360,68728500
유동성유동화채무의감소,,,,
유동성연불매입채무의감소,,,,
기타유동성장기부채의감소,,,,
기타금융부채의감소(*),279128,297494,364208,377245
보증금등의감소,,,,
(금융)리스부채의 감소,279128,297494,364208,377245
상환우선주부채의감소,,,,
유동화채무의감소,,,,
파생상품의변동,,,,
기타의금융부채의감소,,,,
기타부채의감소,,,,
유상감자,,,,
자기주식의취득,,,,
자본구성항목의감소(*),,,,
자본금의감소,,,,
자본잉여금의감소,,,,
이익잉여금의감소,,,,
비지배주주지분의감소,,,,
기타재무활동으로인한현금유출액(*),2599982,140708,,
연결자본거래로인한현금유출액,,,,
종속회사의감자등,,,,
종속기업소유지분변동에따른현금흐름,,,,
정부보조금등의변동,,,,
환율변동으로인한차이조정,,,,
합병분할(양수도등)으로인한현금유출액,,,,
기타,2599982,140708,,
이자수입,,,,
이자지급(-),-10080241,-2994663,-2161850,-1941075
배당금수입,,,,
배당금지급(-),-96000000,-199999672,,
법인세환입,,,,
법인세납부(-),,,,
중단영업관련현금흐름,,,,
영업투자재무활동기타현금흐름,,,,
연결범위변동으로인한현금의증가,,,,
환율변동효과,-4,-1885020,186737,-65925
현금및현금성자산의증가,-5650627,23008336,48981924,-14491834
기초현금및현금성자산,11895706,6245079,29253415,78235339
기말현금및현금성자산,6245079,29253415,78235339,63743506
기말자본금(*),2085024,2393916,2393916,2393916
기초자본금,2085024,2085024,2393916,2393916
유상증자(감자),,308892,,
무상증자(감자),,,,
주식매수선택권,,,,
전환사채,,,,
신주인수권부사채,,,,
주식배당,,,,
합병분할(영업양수도등)로인한변동,,,,
회계정책변경누적효과,,,,
오류수정등,,,,
연결범위의변동,,,,
외화환산차이,,,,
기타,,,,
기말신종자본증권(*),,,,
기초신종자본증권,,,,
신종자본증권의발행,,,,
기타,,,,
기말자본잉여금(*),9359281,408909377,408909377,408909377
기초자본잉여금,9359281,9359281,408909377,408909377
유상증자(감자),,,,
무상증자(감자),,,,
주식발행초과금,,399550096,,
주식매수선택권,,,,
감자차손익,,,,
보험차익,,,,
자기주식처분손익,,,,
전환권대가(전환사채),,,,
신주인수권대가(신주인수권부사채),,,,
교환권대가(교환사채),,,,
전환권재매입손익,,,,
결손금처리,,,,
지분법자본잉여금,,,,
합병분할(영업양수도등)로인한변동,,,,
회계정책변경누적효과,,,,
오류수정등,,,,
연결범위의변동,,,,
외화환산차이,,,,
기타,,,,
기말기타자본(*),-1835570,-4148709,-3488752,-4247507
기초기타자본,-1835570,-1835570,-4148709,-3488752
자기주식,,,,
자기주식처분손실,,,,
주식할인발행차금,,,,
주식매입선택권,,1232028,659957,-758755
파생상품평가이익,,,,
파생상품평가손실,,,,
출자전환채무,,,,
신주청약증거금,,,,
감자차손익,,,,
전환권재매입손익,,,,
지분법자본조정,,,,
합병분할(영업양수도등)로인한변동,,,,
회계정책변경누적효과,,,,
오류수정등,,,,
연결범위의변동,,,,
외화환산차이,,,,
기타,,-3545166,,
기말기타포괄손익누계액(*),,,701264,1739474
기초기타포괄손익누계액,,,,701264
금융자산평가손익,,,,
기타포괄손익-공정가치측정 금융자산평가손익,,,,
당기손익조정접근법 조정손익,,,,
당기손익-공정가치측정 금융부채평가손익,,,,
매도가능금융자산평가손익,,,,
관계기업등기타포괄손익,,,735129,375999
환산관련외환차이적립금(환율변동차이),,,-33865,662210
해외사업장순투자위험회피적립금,,,,
확정급여제도의보험수리적손익적립금,,,,
확정급여제도의재측정요소,,,,
현금흐름위험회피적립금,,,,
주식기준보상적립금,,,,
재평가잉여금,,,,
합병분할(영업양수도등)로인한변동,,,,
회계정책변경누적효과,,,,
오류수정등,,,,
연결범위의변동,,,,
외화환산차이,,,,
기타,,,,
기말이익잉여금(결손금)(*),408996536,279864410,159877074,103593246
처분후이익잉여금(결손금)(*),399497920,408996536,279839752,159877074
수정후이익잉여금(결손금)(*),399497920,408996536,279839752,159877074
기초이익잉여금(결손금),399497920,408996536,279839752,159877074
회계정책변경누적효과,,,,
전기오류수정손익,,,,
기타,,,,
(연차배당),,,,
(신종자본증권분배금),,,,
주식할인발행차금의상각,,,,
자기주식처분손실의상각,,,,
결손금처리,,,,
기타이익잉여금처분액,,,,
(중간배당),96000000,199999672,,
확정급여제도의재측정요소,94812,-1024133,-827823,258045
기타포괄손익,,,,
당기순이익(총포괄손익),105403805,71891679,-119134855,-56592517
보험수리적손익,,,,
재평가손익,,,,
지분법이익잉여금,,,,50645
합병분할(영업양수도등)로인한변동,,,,
연결범위의변동,,,,
외화환산차이,,,,
기타,,,,
기말비지배주주지분(*),,,,
처분후비지배주주지분(*),,,,
수정후비지배주주지분(*),,,,
기초비지배주주지분,,,,
회계정책변경누적효과,,,,
전기오류수정손익,,,,
기타,,,,
(종속회사의배당금),,,,
기타,,,,
(중간배당),,,,
당기순이익(총포괄손익),,,,
재평가잉여금,,,,
금융자산평가손익,,,,
기타포괄손익-공정가치측정 금융자산평가손익,,,,
매도가능금융자산평가손익,,,,
관계기업등지분법평가손익,,,,
환산관련외환차이적립금(환율변동차이),,,,
해외사업장순투자위험회피적립금,,,,
확정급여제도의보험수리적손익적립금,,,,
확정급여제도의재측정요소,,,,
현금흐름위험회피적립금,,,,
주식기준보상적립금,,,,
기타포괄손익누계액,,,,
합병분할로인한변동,,,,
연결범위의변동,,,,
외화환산차이,,,,
기타,,,,
합계,418605272,687018994,568392879,512388506
